{"chunk_definitions":[{"row":45,"row_count":1,"visible":true,"expansion_state":0,"options":{"engine":"r","label":"setup","include":false},"document_id":"6476448C","chunk_id":"csetup_chunk","chunk_label":"setup"},{"row":53,"row_count":1,"visible":true,"expansion_state":1,"options":{"engine":"r","label":"cars"},"document_id":"6476448C","chunk_id":"cc798xidpan7q","chunk_label":"cars"},{"row":76,"row_count":1,"visible":true,"expansion_state":0,"options":{"engine":"r","label":"pressure","echo":false},"document_id":"6476448C","chunk_id":"cyhklze03rrdi","chunk_label":"pressure"}],"doc_write_time":1686339913}