"0","# Reshape the dataset for visualization"
"0","game_results_long <- game_results_summary %>%"
"0","  pivot_longer(cols = contains(""_Percentage""),"
"0","               names_to = ""Game"","
"0","               values_to = ""Win_Percentage"") %>%"
"0","  mutate(Game = gsub(""_Percentage"", """", Game))"
"0",""
"0","# Create a colorful conclusive visualization"
"0","ggplot(game_results_long, aes(x = Participant, y = Win_Percentage, fill = Game)) +"
"0","  geom_bar(stat = ""identity"", position = ""dodge"") +"
"0","  labs(title =""Sports Video Games Performance"","
"0","       x = ""Participant"","
"0","       y = ""Win Percentage"","
"0","       fill = ""Game"") +"
"0","  theme_minimal()"
