"0","knitr::opts_chunk$set(echo = TRUE)"
"0","library(tidyverse)"
"2","── [1mAttaching core tidyverse packages[22m ───────────────────────────────────── tidyverse 2.0.0 ──
[32m✔[39m [34mdplyr    [39m 1.1.2     [32m✔[39m [34mreadr    [39m 2.1.4
[32m✔[39m [34mforcats  [39m 1.0.0     [32m✔[39m [34mstringr  [39m 1.5.0
[32m✔[39m [34mggplot2  [39m 3.4.2     [32m✔[39m [34mtibble   [39m 3.2.1
[32m✔[39m [34mlubridate[39m 1.9.2     [32m✔[39m [34mtidyr    [39m 1.3.0
[32m✔[39m [34mpurrr    [39m 1.0.1     "
"2","── [1mConflicts[22m ─────────────────────────────────────────────────────── tidyverse_conflicts() ──
[31m✖[39m [34mdplyr[39m::[32mfilter()[39m masks [34mstats[39m::filter()
[31m✖[39m [34mdplyr[39m::[32mlag()[39m    masks [34mstats[39m::lag()
[36mℹ[39m Use the ]8;;http://conflicted.r-lib.org/conflicted package]8;; to force all conflicts to become errors"
"0","# Create the dataset"
"0","participants <- c(""George"", ""Diego"", ""Jon"", ""Carl"", ""Cisco"")"
"0","nba2k_wins <- c(8, 6, 10, 7, 5)"
"0","nba2k_losses <- c(2, 4, 0, 3, 5)"
"0","madden_wins <- c(9, 8, 7, 6, 10)"
"0","madden_losses <- c(1, 2, 3, 4, 0)"
"0","fifa_wins <- c(7, 8, 6, 9, 5)"
"0","fifa_losses <- c(3, 2, 4, 1, 5)"
"0","ufc_wins <- c(6, 5, 7, 4, 8)"
"0","ufc_losses <- c(4, 5, 3, 6, 2)"
"0",""
"0","# Combine the data into a data frame"
"0","game_results <- data.frame(Participant = participants,"
"0","                           NBA_2K_Wins = nba2k_wins,"
"0","                           NBA_2K_Losses = nba2k_losses,"
"0","                           Madden_Wins = madden_wins,"
"0","                           Madden_Losses = madden_losses,"
"0","                           FIFA_Wins = fifa_wins,"
"0","                           FIFA_Losses = fifa_losses,"
"0","                           UFC_Wins = ufc_wins,"
"0","                           UFC_Losses = ufc_losses)"
"0",""
"0","# Calculate win percentages for each game"
"0","game_results_summary <- game_results %>%"
"0","  mutate(NBA_2K_Percentage = NBA_2K_Wins / (NBA_2K_Wins + NBA_2K_Losses),"
"0","         Madden_Percentage = Madden_Wins / (Madden_Wins + Madden_Losses),"
"0","         FIFA_Percentage = FIFA_Wins / (FIFA_Wins + FIFA_Losses),"
"0","         UFC_Percentage = UFC_Wins / (UFC_Wins + UFC_Losses)) %>%"
"0","  select(-contains(""_Wins""), -contains(""_Losses""))"
"0",""
